EXTERNALID,FIRST_NAME,LAST_NAME,EMAIL,CAR_MAKE,CAR_MODEL,CAR_COLOR,CAR_YEAR,PRICE,DATE_PURCHASED
Contacts_2017_1,Gabi,McMoyer,gmcmoyer0@joomla.org,Suzuki,Equator,Turquoise,2011,54498,2017-09-05
Contacts_2017_2,Harlie,Sodor,hsodor1@abc.net.au,Cadillac,STS,Mauv,2007,43328,2017-10-08
Contacts_2017_3,Cherianne,Wisdish,cwisdish2@rakuten.co.jp,Ford,Taurus,Pink,1989,26898,2017-02-27
Contacts_2017_4,Duky,Pollastrino,dpollastrino3@comsenz.com,Toyota,Land Cruiser,Maroon,1998,37297,2017-11-09
Contacts_2017_5,Reginauld,Hindshaw,rhindshaw4@squarespace.com,Buick,Verano,Green,2012,21264,2017-02-01
Contacts_2017_6,Xaviera,Skippon,xskippon5@wp.com,Mazda,MX-6,Blue,1997,45694,2017-09-04
Contacts_2017_7,Willa,Teese,wteese6@unesco.org,Pontiac,LeMans,Pink,1992,46824,2017-12-17
Contacts_2017_8,Grantley,Ilewicz,gilewicz7@ted.com,Dodge,Spirit,Orange,1995,20143,2017-07-08
Contacts_2017_9,Kristi,Downham,kdownham8@theglobeandmail.com,Spyker,C8 Double 12 S,Goldenrod,2006,29035,2017-05-07
Contacts_2017_10,Leighton,Tuley,ltuley9@si.edu,Mazda,626,Yellow,2001,27267,2017-10-22
Contacts_2017_11,Reidar,Wallace,rwallacea@eventbrite.com,Dodge,Intrepid,Aquamarine,1996,57935,2017-07-21
Contacts_2017_12,Vania,People,vpeopleb@github.com,Nissan,Sentra,Orange,1996,47996,2017-04-12
Contacts_2017_13,Reinwald,Yeowell,ryeowellc@trellian.com,Toyota,Tacoma Xtra,Puce,1997,34924,2017-10-01
Contacts_2017_14,Elianora,Ticehurst,eticehurstd@umn.edu,Cadillac,CTS-V,Green,2012,58675,2017-06-11
Contacts_2017_15,Noah,Imesen,nimesene@fotki.com,Oldsmobile,Cutlass Supreme,Crimson,1995,40302,2017-10-26
Contacts_2017_16,Armand,Dewan,adewanf@europa.eu,Lexus,IS-F,Crimson,2012,56960,2017-05-23
Contacts_2017_17,Dalis,Mallock,dmallockg@blogtalkradio.com,Acura,RL,Violet,2006,35868,2017-08-18
Contacts_2017_18,Brucie,Duligal,bduligalh@acquirethisname.com,Mazda,MPV,Mauv,2006,21322,2017-07-27
Contacts_2017_19,Brigham,Catterick,bcattericki@techcrunch.com,Honda,Civic,Teal,2010,39999,2017-10-08
Contacts_2017_20,Rosabella,O'Fihillie,rofihilliej@usgs.gov,Mercedes-Benz,C-Class,Red,2003,41680,2017-03-31
Contacts_2017_21,Phaedra,Ondrousek,pondrousekk@slate.com,Aston Martin,DB9,Orange,2007,57454,2017-12-15
Contacts_2017_22,Collin,Reames,creamesl@quantcast.com,Holden,VS Commodore,Indigo,1996,40647,2017-01-03
Contacts_2017_23,Packston,Schubert,pschubertm@mail.ru,Mitsubishi,Mirage,Puce,1999,31042,2017-11-07
Contacts_2017_24,Edgar,Scoullar,escoullarn@pagesperso-orange.fr,Dodge,Dakota Club,Maroon,2004,36060,2017-07-31
Contacts_2017_25,Alejoa,Dransfield,adransfieldo@mit.edu,Volkswagen,Golf,Goldenrod,1985,40045,2017-06-28
Contacts_2017_26,Bone,Wyld,bwyldp@over-blog.com,Mazda,Mazda5,Crimson,2012,38280,2017-02-07
Contacts_2017_27,Jonathon,Hegge,jheggeq@barnesandnoble.com,Volkswagen,Passat,Crimson,2009,50562,2017-08-29
Contacts_2017_28,Darlleen,O' Molan,domolanr@lycos.com,Lexus,IS,Pink,2001,49460,2017-04-30
Contacts_2017_29,Willa,Meredith,wmerediths@census.gov,Land Rover,Discovery,Blue,2011,33695,2017-03-25
Contacts_2017_30,Jacquelin,Entwisle,jentwislet@rambler.ru,Toyota,Camry,Mauv,1994,31104,2017-08-20
Contacts_2017_31,Maybelle,Blazewski,mblazewskiu@netlog.com,Isuzu,Ascender,Red,2006,22642,2017-09-05
Contacts_2017_32,Birch,Wong,bwongv@e-recht24.de,Saturn,S-Series,Teal,1994,30995,2017-09-13
Contacts_2017_33,Torrence,Volkes,tvolkesw@wufoo.com,Toyota,Sienna,Mauv,2003,52293,2017-11-28
Contacts_2017_34,Cole,McWaters,cmcwatersx@princeton.edu,Mercedes-Benz,G-Class,Blue,2007,22153,2017-10-06
Contacts_2017_35,Barnebas,Polack,bpolacky@paypal.com,Chevrolet,Classic,Pink,2005,57362,2017-06-26
Contacts_2017_36,Willie,Murkus,wmurkusz@ucsd.edu,Porsche,911,Goldenrod,2013,59895,2017-10-16
Contacts_2017_37,Nikolaus,Rosenfrucht,nrosenfrucht10@amazonaws.com,Cadillac,DeVille,Maroon,1995,55039,2017-12-11
Contacts_2017_38,Matti,Halton,mhalton11@usnews.com,Toyota,Celica,Fuscia,2005,50017,2017-07-21
Contacts_2017_39,Yoshiko,Yepiskopov,yyepiskopov12@networkadvertising.org,Lotus,Esprit,Indigo,1994,46623,2017-08-26
Contacts_2017_40,Mirabella,Balden,mbalden13@biglobe.ne.jp,Isuzu,Rodeo,Indigo,1998,36142,2017-12-02
Contacts_2017_41,Kin,Swateridge,kswateridge14@msn.com,Hummer,H1,Blue,1995,41745,2017-10-16
Contacts_2017_42,Marlo,Beasleigh,mbeasleigh15@naver.com,Dodge,Stealth,Orange,1994,20104,2017-01-06
Contacts_2017_43,Garrek,Radmer,gradmer16@hud.gov,Lamborghini,Gallardo,Red,2005,38351,2017-01-13
Contacts_2017_44,Remy,Schulke,rschulke17@cafepress.com,Nissan,Quest,Indigo,2009,55599,2017-12-14
Contacts_2017_45,Osbourne,Copnar,ocopnar18@wikia.com,Ford,Mustang,Orange,1995,53502,2017-08-30
Contacts_2017_46,Sibelle,Kobsch,skobsch19@google.co.uk,Chevrolet,Corvette,Turquoise,2001,47109,2017-04-30
Contacts_2017_47,Lane,Fairholme,lfairholme1a@ihg.com,Chevrolet,Cavalier,Khaki,1993,22555,2017-03-17
Contacts_2017_48,Jacenta,Bogges,jbogges1b@bloglovin.com,Buick,Riviera,Pink,1986,51855,2017-08-08
Contacts_2017_49,Town,Collop,tcollop1c@ft.com,Ford,Escape,Aquamarine,2002,36136,2017-11-24
Contacts_2017_50,Galvin,Rivelin,grivelin1d@nytimes.com,Aston Martin,DB9,Khaki,2011,21807,2017-07-08
Contacts_2017_51,Phebe,Sturch,psturch1e@oaic.gov.au,BMW,Z4,Pink,2009,20225,2017-03-06
Contacts_2017_52,Rafi,Goscar,rgoscar1f@shareasale.com,Chevrolet,Vega,Fuscia,1971,39415,2017-05-13
Contacts_2017_53,Devland,Louden,dlouden1g@dropbox.com,Ford,Escape,Aquamarine,2000,35395,2017-07-13
Contacts_2017_54,Cristy,Legan,clegan1h@sitemeter.com,Ford,E-Series,Blue,2001,58543,2017-05-02
Contacts_2017_55,Tabatha,Holgan,tholgan1i@flavors.me,Suzuki,Swift,Pink,1991,38137,2017-08-25
Contacts_2017_56,Belva,Westfalen,bwestfalen1j@woothemes.com,Mazda,Mazda6,Red,2003,46956,2017-07-08
Contacts_2017_57,Athena,Thieme,athieme1k@cornell.edu,Lexus,GS,Khaki,1995,43451,2017-03-29
Contacts_2017_58,Petunia,Yakubovich,pyakubovich1l@studiopress.com,Chevrolet,Silverado 2500,Fuscia,2000,50990,2017-07-13
Contacts_2017_59,Kari,Roloff,kroloff1m@zdnet.com,Honda,Odyssey,Khaki,1999,22292,2017-08-15
Contacts_2017_60,Lauraine,Curro,lcurro1n@hugedomains.com,Toyota,T100 Xtra,Purple,1996,30520,2017-11-16
Contacts_2017_61,Hallie,Burgane,hburgane1o@smugmug.com,Dodge,Ram Van B150,Goldenrod,1992,25286,2017-12-25
Contacts_2017_62,Channa,Culy,cculy1p@washington.edu,Dodge,Ram Van B350,Turquoise,1992,27112,2017-04-09
Contacts_2017_63,Ella,Raubenheimer,eraubenheimer1q@infoseek.co.jp,Isuzu,Rodeo,Turquoise,1992,28608,2017-02-06
Contacts_2017_64,Abeu,McKibben,amckibben1r@com.com,Infiniti,G,Blue,2005,34536,2017-12-16
Contacts_2017_65,Prince,Lowin,plowin1s@exblog.jp,Saab,9-5,Aquamarine,2003,26294,2017-02-26
Contacts_2017_66,Wynn,Harrisson,wharrisson1t@alexa.com,Maserati,Quattroporte,Violet,2012,39941,2017-07-06
Contacts_2017_67,Keary,felip,kfelip1u@ehow.com,Oldsmobile,Bravada,Mauv,2004,40357,2017-04-27
Contacts_2017_68,Cassy,Blazdell,cblazdell1v@rakuten.co.jp,Nissan,Pathfinder,Blue,1996,50481,2017-04-05
Contacts_2017_69,Valaree,Paffot,vpaffot1w@skype.com,BMW,745,Aquamarine,2005,26498,2017-05-10
Contacts_2017_70,Donnie,Neagle,dneagle1x@china.com.cn,Porsche,944,Red,1985,31741,2017-06-05
Contacts_2017_71,Maxie,Osgodby,mosgodby1y@livejournal.com,Mercedes-Benz,E-Class,Purple,2001,58107,2017-12-19
Contacts_2017_72,Mei,Carrodus,mcarrodus1z@ucoz.com,Dodge,Ram 1500,Aquamarine,2009,22931,2017-11-30
Contacts_2017_73,Bridgette,Juster,bjuster20@indiegogo.com,Land Rover,Range Rover,Yellow,1988,22580,2017-06-06
Contacts_2017_74,Verne,Meni,vmeni21@imgur.com,Ford,Escort,Aquamarine,2002,33567,2017-03-09
Contacts_2017_75,Lonnie,Sirmond,lsirmond22@businessinsider.com,Porsche,Cayenne,Khaki,2004,41501,2017-10-16
Contacts_2017_76,Dee,Daughtery,ddaughtery23@vk.com,Mazda,Familia,Purple,1992,56824,2017-04-13
Contacts_2017_77,Vin,Blown,vblown24@toplist.cz,Lexus,LS,Yellow,2002,25665,2017-05-20
Contacts_2017_78,Emmeline,Brakespear,ebrakespear25@google.com.au,BMW,7 Series,Blue,2003,55112,2017-09-03
Contacts_2017_79,Dal,Titman,dtitman26@digg.com,Saab,900,Pink,1985,43906,2017-12-30
Contacts_2017_80,Claudelle,Downe,cdowne27@ezinearticles.com,Chevrolet,Suburban 1500,Red,2001,33639,2017-12-06
Contacts_2017_81,Wilbur,Canedo,wcanedo28@imdb.com,Plymouth,Grand Voyager,Violet,1995,51244,2017-07-03
Contacts_2017_82,Lesya,Renad,lrenad29@surveymonkey.com,Chevrolet,1500,Turquoise,1992,49290,2017-03-11
Contacts_2017_83,Sari,Sazio,ssazio2a@wunderground.com,Kia,Spectra,Green,2009,23939,2017-12-27
Contacts_2017_84,Bale,Froschauer,bfroschauer2b@cmu.edu,Chevrolet,Suburban 2500,Khaki,1992,30903,2017-11-27
Contacts_2017_85,Ferris,Lattey,flattey2c@surveymonkey.com,Buick,Somerset,Violet,1985,39861,2017-07-11
Contacts_2017_86,Kirby,Abells,kabells2d@surveymonkey.com,Chevrolet,Corvette,Pink,2001,58527,2017-08-31
Contacts_2017_87,Robbin,Helliwell,rhelliwell2e@unc.edu,Geo,Tracker,Purple,1994,40332,2017-05-17
Contacts_2017_88,Charlot,Edge,cedge2f@archive.org,Audi,A5,Crimson,2012,30168,2017-02-22
Contacts_2017_89,Jeniffer,Burnage,jburnage2g@smugmug.com,Mazda,Miata MX-5,Teal,1996,46955,2017-10-04
Contacts_2017_90,Husain,Jent,hjent2h@princeton.edu,Chevrolet,HHR Panel,Pink,2006,56940,2017-01-28
Contacts_2017_91,Victoria,Jupe,vjupe2i@themeforest.net,Ford,Thunderbird,Khaki,2005,36015,2017-01-21
Contacts_2017_92,Dasi,Nutkins,dnutkins2j@yandex.ru,Acura,NSX,Yellow,2005,33356,2017-05-29
Contacts_2017_93,Daniella,Luce,dluce2k@abc.net.au,Chrysler,Sebring,Aquamarine,1995,33365,2017-03-11
Contacts_2017_94,Roselin,Demcak,rdemcak2l@yelp.com,Pontiac,Grand Am,Purple,1990,50271,2017-11-02
Contacts_2017_95,Witty,Weson,wweson2m@ed.gov,Isuzu,i-370,Orange,2008,27323,2017-10-26
Contacts_2017_96,Gabie,Sargerson,gsargerson2n@blog.com,Chevrolet,Lumina,Teal,1999,50158,2017-11-12
Contacts_2017_97,Wynn,Younge,wyounge2o@nps.gov,GMC,Savana 3500,Khaki,2003,51549,2017-04-11
Contacts_2017_98,Worden,Marriage,wmarriage2p@google.com,Suzuki,Verona,Red,2005,56584,2017-07-31
Contacts_2017_99,Raimund,Bracegirdle,rbracegirdle2q@foxnews.com,Ford,E-Series,Fuscia,1985,26564,2017-10-31
Contacts_2017_100,Harp,Woollard,hwoollard2r@reuters.com,Buick,Century,Indigo,1987,20467,2017-11-10
Contacts_2018_1,Kaile,Southern,ksouthern0@spiegel.de,BMW,M,Orange,2000,37869,2018-05-02
Contacts_2018_2,Koralle,Le Clercq,kleclercq1@ebay.co.uk,Chrysler,LHS,Orange,2001,33389,2018-02-03
Contacts_2018_3,Gussi,Werlock,gwerlock2@ebay.co.uk,Pontiac,LeMans,Fuscia,1967,59463,2018-01-11
Contacts_2018_4,Ruggiero,Sayles,rsayles3@examiner.com,Ford,Club Wagon,Green,1992,42554,2018-10-10
Contacts_2018_5,Beatrisa,Howselee,bhowselee4@illinois.edu,Porsche,Cayman,Khaki,2012,48139,2018-06-24
Contacts_2018_6,Matty,Desantis,mdesantis5@de.vu,Volkswagen,Routan,Blue,2010,28861,2018-05-08
Contacts_2018_7,Marcus,Speechly,mspeechly6@wordpress.org,Infiniti,FX,Maroon,2010,35746,2018-05-03
Contacts_2018_8,Kerry,Eytel,keytel7@infoseek.co.jp,Scion,tC,Maroon,2008,28862,2018-12-10
Contacts_2018_9,Lilias,Tilmouth,ltilmouth8@delicious.com,BMW,Z4 M Roadster,Mauv,2009,30642,2018-04-13
Contacts_2018_10,Kinnie,Howgego,khowgego9@unicef.org,Infiniti,G25,Crimson,2012,42583,2018-02-17
Contacts_2018_11,Derrik,Morcomb,dmorcomba@craigslist.org,Ford,Freestyle,Puce,2007,37889,2018-03-21
Contacts_2018_12,Gerladina,Sanja,gsanjab@linkedin.com,Ford,Explorer,Fuscia,2006,53998,2018-05-26
Contacts_2018_13,Gustav,Crim,gcrimc@foxnews.com,BMW,X3,Teal,2006,55264,2018-12-25
Contacts_2018_14,Tomkin,Isaac,tisaacd@digg.com,Jeep,Patriot,Aquamarine,2008,26196,2018-06-11
Contacts_2018_15,Elbert,Novic,enovice@ca.gov,Jeep,Wrangler,Pink,2012,47750,2018-08-18
Contacts_2018_16,Vita,Sturgeon,vsturgeonf@alibaba.com,Lincoln,Mark VIII,Orange,1995,54006,2018-09-16
Contacts_2018_17,Reina,Airds,rairdsg@multiply.com,Lexus,LS,Pink,2005,59845,2018-05-04
Contacts_2018_18,Ewen,Bruggen,ebruggenh@imgur.com,Audi,TT,Red,2004,24957,2018-10-16
Contacts_2018_19,Vanya,Collison,vcollisoni@hhs.gov,Volkswagen,GTI,Orange,2006,56542,2018-03-02
Contacts_2018_20,Meriel,Suddaby,msuddabyj@about.com,Ford,Probe,Fuscia,1994,35266,2018-04-26
Contacts_2018_21,Deidre,Cucuzza,dcucuzzak@eventbrite.com,Buick,Skyhawk,Khaki,1988,30197,2018-08-04
Contacts_2018_22,Adham,Cutridge,acutridgel@disqus.com,Dodge,Grand Caravan,Purple,2009,56847,2018-10-03
Contacts_2018_23,Prent,Hanfrey,phanfreym@cam.ac.uk,Dodge,Dakota,Purple,1998,46435,2018-02-03
Contacts_2018_24,Babara,Gooderson,bgoodersonn@de.vu,Chevrolet,Express 3500,Mauv,1999,30572,2018-05-07
Contacts_2018_25,Alison,Rolston,arolstono@tumblr.com,Buick,Century,Fuscia,1988,57033,2018-12-07
Contacts_2018_26,David,Rosling,droslingp@drupal.org,Jaguar,S-Type,Indigo,2002,58322,2018-11-20
Contacts_2018_27,Davidson,Ivins,divinsq@timesonline.co.uk,Chrysler,PT Cruiser,Blue,2004,45900,2018-02-09
Contacts_2018_28,Gregor,Hirtzmann,ghirtzmannr@opera.com,Mazda,GLC,Turquoise,1984,49563,2018-07-30
Contacts_2018_29,Cory,Walworche,cwalworches@reuters.com,Volvo,850,Yellow,1995,37059,2018-08-12
Contacts_2018_30,Lavena,Brinsden,lbrinsdent@nifty.com,Mitsubishi,RVR,Maroon,1994,48628,2018-06-03
Contacts_2018_31,Kathy,Griggs,kgriggsu@dailymail.co.uk,Toyota,Avalon,Yellow,1999,29382,2018-12-02
Contacts_2018_32,Moise,Maxwell,mmaxwellv@jiathis.com,Chevrolet,Malibu,Pink,2008,53124,2018-05-20
Contacts_2018_33,Wenda,Sidery,wsideryw@admin.ch,Toyota,Tundra,Mauv,2000,28960,2018-04-13
Contacts_2018_34,Arlen,Bromehed,abromehedx@nih.gov,Volkswagen,rio,Purple,1998,48031,2018-11-28
Contacts_2018_35,Cullie,Heckner,checknery@eventbrite.com,Ford,F350,Goldenrod,2007,51309,2018-11-11
Contacts_2018_36,Evangeline,Fareweather,efareweatherz@qq.com,Audi,TT,Purple,2001,52488,2018-09-22
Contacts_2018_37,Randy,Pearmine,rpearmine10@walmart.com,Mazda,Mazda6,Pink,2012,31093,2018-10-09
Contacts_2018_38,Osborne,Routh,orouth11@virginia.edu,BMW,X6 M,Indigo,2012,36589,2018-02-07
Contacts_2018_39,Millard,Canete,mcanete12@pen.io,Dodge,Ram Van 2500,Teal,2003,49285,2018-11-09
Contacts_2018_40,Darleen,Foale,dfoale13@altervista.org,GMC,Suburban 2500,Aquamarine,1998,58345,2018-06-11
Contacts_2018_41,Darnell,Janeczek,djaneczek14@mtv.com,BMW,3 Series,Teal,2007,25146,2018-02-06
Contacts_2018_42,Rhiamon,Talloe,rtalloe15@instagram.com,Audi,90,Red,1994,21034,2018-05-12
Contacts_2018_43,Paige,Stanier,pstanier16@csmonitor.com,Chevrolet,Malibu,Blue,2001,51551,2018-08-22
Contacts_2018_44,Kaitlyn,Bertholin,kbertholin17@uol.com.br,Maybach,Landaulet,Aquamarine,2009,26169,2018-08-01
Contacts_2018_45,Moina,Kleanthous,mkleanthous18@w3.org,Lexus,LX,Orange,2011,27687,2018-02-23
Contacts_2018_46,Florentia,O'Fearguise,fofearguise19@blinklist.com,Chevrolet,Astro,Teal,2002,29312,2018-01-06
Contacts_2018_47,Austen,Axton,aaxton1a@google.cn,Honda,Civic,Aquamarine,2000,50354,2018-02-12
Contacts_2018_48,Barth,Gilding,bgilding1b@sourceforge.net,Pontiac,Grand Am,Green,1997,54120,2018-10-22
Contacts_2018_49,Stephine,Sherewood,ssherewood1c@slideshare.net,Ford,Taurus,Pink,1989,33813,2018-12-05
Contacts_2018_50,Bronson,Gravener,bgravener1d@home.pl,Honda,del Sol,Teal,1994,59264,2018-02-09
Contacts_2018_51,Hartwell,McConnel,hmcconnel1e@economist.com,Audi,A4,Puce,2005,55277,2018-11-26
Contacts_2018_52,Marna,Middlemiss,mmiddlemiss1f@vistaprint.com,Chevrolet,Astro,Violet,1994,28219,2018-11-07
Contacts_2018_53,Red,Petris,rpetris1g@ehow.com,BMW,7 Series,Puce,2005,31001,2018-09-08
Contacts_2018_54,Merrielle,Vann,mvann1h@addtoany.com,Mercedes-Benz,CL-Class,Indigo,2000,33515,2018-06-22
Contacts_2018_55,Alon,Glossup,aglossup1i@blogs.com,Buick,LeSabre,Puce,1993,52803,2018-07-04
Contacts_2018_56,Woodrow,Morena,wmorena1j@t-online.de,Chevrolet,Corvette,Orange,1989,27686,2018-01-23
Contacts_2018_57,Ban,Sandaver,bsandaver1k@npr.org,Pontiac,Sunfire,Turquoise,1999,42613,2018-10-02
Contacts_2018_58,Smitty,Pavy,spavy1l@paypal.com,Pontiac,GTO,Indigo,1964,55678,2018-03-07
Contacts_2018_59,Jania,Baker,jbaker1m@sina.com.cn,BMW,M6,Crimson,2006,54228,2018-07-06
Contacts_2018_60,Carolyne,Jukes,cjukes1n@yale.edu,Buick,Regal,Mauv,1987,55130,2018-04-25
Contacts_2018_61,Shayla,Petrishchev,spetrishchev1o@alibaba.com,Mitsubishi,L300,Indigo,1989,45211,2018-08-18
Contacts_2018_62,Cathyleen,Musson,cmusson1p@bluehost.com,Ford,F-Series,Blue,2002,39391,2018-05-14
Contacts_2018_63,Marilee,Byrde,mbyrde1q@slideshare.net,Chevrolet,Venture,Puce,2001,43001,2018-09-10
Contacts_2018_64,Tynan,Ellacott,tellacott1r@ft.com,Audi,A3,Blue,2008,30090,2018-08-13
Contacts_2018_65,Gloriane,Heimann,gheimann1s@yale.edu,Suzuki,Swift,Pink,1996,44091,2018-12-25
Contacts_2018_66,Lillian,Abatelli,labatelli1t@redcross.org,Dodge,Grand Caravan,Pink,2006,57918,2018-06-01
Contacts_2018_67,Gregorio,Ginman,gginman1u@bravesites.com,Ford,Courier,Pink,1986,20487,2018-01-14
Contacts_2018_68,Randie,Keary,rkeary1v@nymag.com,GMC,Jimmy,Maroon,1994,50537,2018-11-29
Contacts_2018_69,Ramon,Pencost,rpencost1w@woothemes.com,Ford,Expedition EL,Blue,2009,34986,2018-03-12
Contacts_2018_70,Somerset,Scurrey,sscurrey1x@cmu.edu,GMC,Sierra 3500,Red,2009,46859,2018-12-28
Contacts_2018_71,Cordie,Churchward,cchurchward1y@ted.com,Hyundai,Sonata,Fuscia,1994,20092,2018-07-30
Contacts_2018_72,Mikol,Langthorn,mlangthorn1z@npr.org,BMW,X3,Mauv,2005,55544,2018-11-21
Contacts_2018_73,Basilio,Waterman,bwaterman20@nifty.com,Saturn,Relay,Yellow,2007,38790,2018-04-24
Contacts_2018_74,Daphene,Skahill,dskahill21@shop-pro.jp,Chevrolet,Cobalt SS,Pink,2009,41632,2018-05-20
Contacts_2018_75,Annalee,Filipponi,afilipponi22@columbia.edu,Mazda,RX-7,Green,1990,40708,2018-07-20
Contacts_2018_76,Madelin,Fancett,mfancett23@dell.com,Ford,F150,Fuscia,2006,30112,2018-10-05
Contacts_2018_77,Cecil,Kime,ckime24@noaa.gov,Mercedes-Benz,S-Class,Blue,2002,27719,2018-02-20
Contacts_2018_78,Junia,Brandsen,jbrandsen25@engadget.com,Hyundai,XG350,Teal,2005,36309,2018-02-04
Contacts_2018_79,Sashenka,Hinemoor,shinemoor26@cargocollective.com,Mitsubishi,Outlander Sport,Blue,2012,33174,2018-06-04
Contacts_2018_80,Lindy,Cherrison,lcherrison27@state.gov,Dodge,Dakota Club,Teal,2005,28551,2018-03-01
Contacts_2018_81,Florella,Castelijn,fcastelijn28@google.nl,Dodge,Ram Van B250,Aquamarine,1992,37586,2018-03-26
Contacts_2018_82,Butch,Camacho,bcamacho29@addthis.com,Lotus,Esprit,Violet,1988,53247,2018-07-11
Contacts_2018_83,Benedetta,Saffin,bsaffin2a@cbc.ca,Hyundai,Tucson,Mauv,2008,54715,2018-04-17
Contacts_2018_84,Albertina,Fidilis,afidilis2b@fotki.com,Mitsubishi,GTO,Fuscia,1994,48528,2018-06-04
Contacts_2018_85,Paulina,Greatreax,pgreatreax2c@upenn.edu,Audi,A4,Mauv,1996,59293,2018-12-19
Contacts_2018_86,Raine,Nyland,rnyland2d@paypal.com,Mercury,Grand Marquis,Crimson,2001,59715,2018-02-14
Contacts_2018_87,Ofilia,Cullum,ocullum2e@dot.gov,Mazda,Miata MX-5,Aquamarine,2006,33646,2018-07-21
Contacts_2018_88,Larissa,Fiddy,lfiddy2f@whitehouse.gov,Audi,Quattro,Purple,1985,47495,2018-05-13
Contacts_2018_89,Mycah,Danaher,mdanaher2g@nymag.com,Acura,Legend,Indigo,1990,58898,2018-10-26
Contacts_2018_90,Zulema,Guilloneau,zguilloneau2h@psu.edu,Ford,Aerostar,Pink,1991,49119,2018-02-27
Contacts_2018_91,Pansie,Feldbau,pfeldbau2i@spotify.com,Hyundai,Veloster,Teal,2013,35247,2018-06-24
Contacts_2018_92,Hephzibah,Grzelak,hgrzelak2j@nba.com,Pontiac,Grand Prix,Teal,1973,28251,2018-04-06
Contacts_2018_93,Godfree,Wittier,gwittier2k@cisco.com,Toyota,Previa,Pink,1993,43003,2018-07-22
Contacts_2018_94,Joscelin,Thunnercliff,jthunnercliff2l@cdbaby.com,Chevrolet,Corvette,Red,1963,25765,2018-01-07
Contacts_2018_95,Noemi,Havercroft,nhavercroft2m@stanford.edu,BMW,8 Series,Blue,1995,44043,2018-07-18
Contacts_2018_96,Aylmer,Bater,abater2n@slashdot.org,Saab,9-7X,Goldenrod,2009,47186,2018-06-24
Contacts_2018_97,Lurette,Spalton,lspalton2o@google.cn,Ford,Bronco,Maroon,1987,26001,2018-01-18
Contacts_2018_98,Rosina,Briskey,rbriskey2p@npr.org,Land Rover,LR2,Turquoise,2008,31807,2018-12-02
Contacts_2018_99,Winonah,Martinho,wmartinho2q@scribd.com,Mercury,Sable,Purple,1998,37107,2018-12-08
Contacts_2018_100,Liva,Rampage,lrampage2r@ucsd.edu,Pontiac,Grand Prix,Mauv,1983,54394,2018-01-20
