id	first_name	last_name	email	car_make	car_model	car_color	car_year	price	date_purchased
1	Kaile	Southern	ksouthern0@spiegel.de	BMW	M	Orange	2000	37869	05/02/2018
2	Koralle	Le Clercq	kleclercq1@ebay.co.uk	Chrysler	LHS	Orange	2001	33389	02/03/2018
3	Gussi	Werlock	gwerlock2@ebay.co.uk	Pontiac	LeMans	Fuscia	1967	59463	01/11/2018
4	Ruggiero	Sayles	rsayles3@examiner.com	Ford	Club Wagon	Green	1992	42554	10/10/2018
5	Beatrisa	Howselee	bhowselee4@illinois.edu	Porsche	Cayman	Khaki	2012	48139	06/24/2018
6	Matty	Desantis	mdesantis5@de.vu	Volkswagen	Routan	Blue	2010	28861	05/08/2018
7	Marcus	Speechly	mspeechly6@wordpress.org	Infiniti	FX	Maroon	2010	35746	05/03/2018
8	Kerry	Eytel	keytel7@infoseek.co.jp	Scion	tC	Maroon	2008	28862	12/10/2018
9	Lilias	Tilmouth	ltilmouth8@delicious.com	BMW	Z4 M Roadster	Mauv	2009	30642	04/13/2018
10	Kinnie	Howgego	khowgego9@unicef.org	Infiniti	G25	Crimson	2012	42583	02/17/2018
11	Derrik	Morcomb	dmorcomba@craigslist.org	Ford	Freestyle	Puce	2007	37889	03/21/2018
12	Gerladina	Sanja	gsanjab@linkedin.com	Ford	Explorer	Fuscia	2006	53998	05/26/2018
13	Gustav	Crim	gcrimc@foxnews.com	BMW	X3	Teal	2006	55264	12/25/2018
14	Tomkin	Isaac	tisaacd@digg.com	Jeep	Patriot	Aquamarine	2008	26196	06/11/2018
15	Elbert	Novic	enovice@ca.gov	Jeep	Wrangler	Pink	2012	47750	08/18/2018
16	Vita	Sturgeon	vsturgeonf@alibaba.com	Lincoln	Mark VIII	Orange	1995	54006	09/16/2018
17	Reina	Airds	rairdsg@multiply.com	Lexus	LS	Pink	2005	59845	05/04/2018
18	Ewen	Bruggen	ebruggenh@imgur.com	Audi	TT	Red	2004	24957	10/16/2018
19	Vanya	Collison	vcollisoni@hhs.gov	Volkswagen	GTI	Orange	2006	56542	03/02/2018
20	Meriel	Suddaby	msuddabyj@about.com	Ford	Probe	Fuscia	1994	35266	04/26/2018
21	Deidre	Cucuzza	dcucuzzak@eventbrite.com	Buick	Skyhawk	Khaki	1988	30197	08/04/2018
22	Adham	Cutridge	acutridgel@disqus.com	Dodge	Grand Caravan	Purple	2009	56847	10/03/2018
23	Prent	Hanfrey	phanfreym@cam.ac.uk	Dodge	Dakota	Purple	1998	46435	02/03/2018
24	Babara	Gooderson	bgoodersonn@de.vu	Chevrolet	Express 3500	Mauv	1999	30572	05/07/2018
25	Alison	Rolston	arolstono@tumblr.com	Buick	Century	Fuscia	1988	57033	12/07/2018
26	David	Rosling	droslingp@drupal.org	Jaguar	S-Type	Indigo	2002	58322	11/20/2018
27	Davidson	Ivins	divinsq@timesonline.co.uk	Chrysler	PT Cruiser	Blue	2004	45900	02/09/2018
28	Gregor	Hirtzmann	ghirtzmannr@opera.com	Mazda	GLC	Turquoise	1984	49563	07/30/2018
29	Cory	Walworche	cwalworches@reuters.com	Volvo	850	Yellow	1995	37059	08/12/2018
30	Lavena	Brinsden	lbrinsdent@nifty.com	Mitsubishi	RVR	Maroon	1994	48628	06/03/2018
31	Kathy	Griggs	kgriggsu@dailymail.co.uk	Toyota	Avalon	Yellow	1999	29382	12/02/2018
32	Moise	Maxwell	mmaxwellv@jiathis.com	Chevrolet	Malibu	Pink	2008	53124	05/20/2018
33	Wenda	Sidery	wsideryw@admin.ch	Toyota	Tundra	Mauv	2000	28960	04/13/2018
34	Arlen	Bromehed	abromehedx@nih.gov	Volkswagen	rio	Purple	1998	48031	11/28/2018
35	Cullie	Heckner	checknery@eventbrite.com	Ford	F350	Goldenrod	2007	51309	11/11/2018
36	Evangeline	Fareweather	efareweatherz@qq.com	Audi	TT	Purple	2001	52488	09/22/2018
37	Randy	Pearmine	rpearmine10@walmart.com	Mazda	Mazda6	Pink	2012	31093	10/09/2018
38	Osborne	Routh	orouth11@virginia.edu	BMW	X6 M	Indigo	2012	36589	02/07/2018
39	Millard	Canete	mcanete12@pen.io	Dodge	Ram Van 2500	Teal	2003	49285	11/09/2018
40	Darleen	Foale	dfoale13@altervista.org	GMC	Suburban 2500	Aquamarine	1998	58345	06/11/2018
41	Darnell	Janeczek	djaneczek14@mtv.com	BMW	3 Series	Teal	2007	25146	02/06/2018
42	Rhiamon	Talloe	rtalloe15@instagram.com	Audi	90	Red	1994	21034	05/12/2018
43	Paige	Stanier	pstanier16@csmonitor.com	Chevrolet	Malibu	Blue	2001	51551	08/22/2018
44	Kaitlyn	Bertholin	kbertholin17@uol.com.br	Maybach	Landaulet	Aquamarine	2009	26169	08/01/2018
45	Moina	Kleanthous	mkleanthous18@w3.org	Lexus	LX	Orange	2011	27687	02/23/2018
46	Florentia	O'Fearguise	fofearguise19@blinklist.com	Chevrolet	Astro	Teal	2002	29312	01/06/2018
47	Austen	Axton	aaxton1a@google.cn	Honda	Civic	Aquamarine	2000	50354	02/12/2018
48	Barth	Gilding	bgilding1b@sourceforge.net	Pontiac	Grand Am	Green	1997	54120	10/22/2018
49	Stephine	Sherewood	ssherewood1c@slideshare.net	Ford	Taurus	Pink	1989	33813	12/05/2018
50	Bronson	Gravener	bgravener1d@home.pl	Honda	del Sol	Teal	1994	59264	02/09/2018
51	Hartwell	McConnel	hmcconnel1e@economist.com	Audi	A4	Puce	2005	55277	11/26/2018
52	Marna	Middlemiss	mmiddlemiss1f@vistaprint.com	Chevrolet	Astro	Violet	1994	28219	11/07/2018
53	Red	Petris	rpetris1g@ehow.com	BMW	7 Series	Puce	2005	31001	09/08/2018
54	Merrielle	Vann	mvann1h@addtoany.com	Mercedes-Benz	CL-Class	Indigo	2000	33515	06/22/2018
55	Alon	Glossup	aglossup1i@blogs.com	Buick	LeSabre	Puce	1993	52803	07/04/2018
56	Woodrow	Morena	wmorena1j@t-online.de	Chevrolet	Corvette	Orange	1989	27686	01/23/2018
57	Ban	Sandaver	bsandaver1k@npr.org	Pontiac	Sunfire	Turquoise	1999	42613	10/02/2018
58	Smitty	Pavy	spavy1l@paypal.com	Pontiac	GTO	Indigo	1964	55678	03/07/2018
59	Jania	Baker	jbaker1m@sina.com.cn	BMW	M6	Crimson	2006	54228	07/06/2018
60	Carolyne	Jukes	cjukes1n@yale.edu	Buick	Regal	Mauv	1987	55130	04/25/2018
61	Shayla	Petrishchev	spetrishchev1o@alibaba.com	Mitsubishi	L300	Indigo	1989	45211	08/18/2018
62	Cathyleen	Musson	cmusson1p@bluehost.com	Ford	F-Series	Blue	2002	39391	05/14/2018
63	Marilee	Byrde	mbyrde1q@slideshare.net	Chevrolet	Venture	Puce	2001	43001	09/10/2018
64	Tynan	Ellacott	tellacott1r@ft.com	Audi	A3	Blue	2008	30090	08/13/2018
65	Gloriane	Heimann	gheimann1s@yale.edu	Suzuki	Swift	Pink	1996	44091	12/25/2018
66	Lillian	Abatelli	labatelli1t@redcross.org	Dodge	Grand Caravan	Pink	2006	57918	06/01/2018
67	Gregorio	Ginman	gginman1u@bravesites.com	Ford	Courier	Pink	1986	20487	01/14/2018
68	Randie	Keary	rkeary1v@nymag.com	GMC	Jimmy	Maroon	1994	50537	11/29/2018
69	Ramon	Pencost	rpencost1w@woothemes.com	Ford	Expedition EL	Blue	2009	34986	03/12/2018
70	Somerset	Scurrey	sscurrey1x@cmu.edu	GMC	Sierra 3500	Red	2009	46859	12/28/2018
71	Cordie	Churchward	cchurchward1y@ted.com	Hyundai	Sonata	Fuscia	1994	20092	07/30/2018
72	Mikol	Langthorn	mlangthorn1z@npr.org	BMW	X3	Mauv	2005	55544	11/21/2018
73	Basilio	Waterman	bwaterman20@nifty.com	Saturn	Relay	Yellow	2007	38790	04/24/2018
74	Daphene	Skahill	dskahill21@shop-pro.jp	Chevrolet	Cobalt SS	Pink	2009	41632	05/20/2018
75	Annalee	Filipponi	afilipponi22@columbia.edu	Mazda	RX-7	Green	1990	40708	07/20/2018
76	Madelin	Fancett	mfancett23@dell.com	Ford	F150	Fuscia	2006	30112	10/05/2018
77	Cecil	Kime	ckime24@noaa.gov	Mercedes-Benz	S-Class	Blue	2002	27719	02/20/2018
78	Junia	Brandsen	jbrandsen25@engadget.com	Hyundai	XG350	Teal	2005	36309	02/04/2018
79	Sashenka	Hinemoor	shinemoor26@cargocollective.com	Mitsubishi	Outlander Sport	Blue	2012	33174	06/04/2018
80	Lindy	Cherrison	lcherrison27@state.gov	Dodge	Dakota Club	Teal	2005	28551	03/01/2018
81	Florella	Castelijn	fcastelijn28@google.nl	Dodge	Ram Van B250	Aquamarine	1992	37586	03/26/2018
82	Butch	Camacho	bcamacho29@addthis.com	Lotus	Esprit	Violet	1988	53247	07/11/2018
83	Benedetta	Saffin	bsaffin2a@cbc.ca	Hyundai	Tucson	Mauv	2008	54715	04/17/2018
84	Albertina	Fidilis	afidilis2b@fotki.com	Mitsubishi	GTO	Fuscia	1994	48528	06/04/2018
85	Paulina	Greatreax	pgreatreax2c@upenn.edu	Audi	A4	Mauv	1996	59293	12/19/2018
86	Raine	Nyland	rnyland2d@paypal.com	Mercury	Grand Marquis	Crimson	2001	59715	02/14/2018
87	Ofilia	Cullum	ocullum2e@dot.gov	Mazda	Miata MX-5	Aquamarine	2006	33646	07/21/2018
88	Larissa	Fiddy	lfiddy2f@whitehouse.gov	Audi	Quattro	Purple	1985	47495	05/13/2018
89	Mycah	Danaher	mdanaher2g@nymag.com	Acura	Legend	Indigo	1990	58898	10/26/2018
90	Zulema	Guilloneau	zguilloneau2h@psu.edu	Ford	Aerostar	Pink	1991	49119	02/27/2018
91	Pansie	Feldbau	pfeldbau2i@spotify.com	Hyundai	Veloster	Teal	2013	35247	06/24/2018
92	Hephzibah	Grzelak	hgrzelak2j@nba.com	Pontiac	Grand Prix	Teal	1973	28251	04/06/2018
93	Godfree	Wittier	gwittier2k@cisco.com	Toyota	Previa	Pink	1993	43003	07/22/2018
94	Joscelin	Thunnercliff	jthunnercliff2l@cdbaby.com	Chevrolet	Corvette	Red	1963	25765	01/07/2018
95	Noemi	Havercroft	nhavercroft2m@stanford.edu	BMW	8 Series	Blue	1995	44043	07/18/2018
96	Aylmer	Bater	abater2n@slashdot.org	Saab	9-7X	Goldenrod	2009	47186	06/24/2018
97	Lurette	Spalton	lspalton2o@google.cn	Ford	Bronco	Maroon	1987	26001	01/18/2018
98	Rosina	Briskey	rbriskey2p@npr.org	Land Rover	LR2	Turquoise	2008	31807	12/02/2018
99	Winonah	Martinho	wmartinho2q@scribd.com	Mercury	Sable	Purple	1998	37107	12/08/2018
100	Liva	Rampage	lrampage2r@ucsd.edu	Pontiac	Grand Prix	Mauv	1983	54394	01/20/2018
